time,f1,f2,f3
1/05/2022 0:00,1.153001464,2.214494876,
1/05/2022 1:00,1.220107369,2.36090776,
1/05/2022 2:00,1.177403612,2.36090776,
1/05/2022 3:00,1.256710591,2.342606149,
1/05/2022 4:00,1.256710591,2.306002928,
1/05/2022 5:00,0.951683748,2.367008297,
1/05/2022 6:00,0.951683748,2.342606149,
1/05/2022 7:00,0.951683748,2.336505612,
1/05/2022 8:00,,2.452415813,
1/05/2022 9:00,,2.391410444,
1/05/2022 10:00,0.951683748,2.391410444,
1/05/2022 11:00,0.939482674,2.318204002,
1/05/2022 12:00,1.061493411,2.293801855,
1/05/2022 13:00,0.963884822,2.354807223,
1/05/2022 14:00,1.049292338,,
1/05/2022 15:00,1.073694485,2.354807223,
1/05/2022 16:00,0.939482674,2.452415813,
1/05/2022 17:00,0.976085896,2.373108834,
1/05/2022 18:00,1.00658858,2.293801855,
1/05/2022 19:00,1.165202538,2.269399707,
1/05/2022 20:00,1.153001464,2.318204002,
1/05/2022 21:00,1.214006833,2.269399707,
1/05/2022 22:00,1.073694485,,
2/05/2022 0:00,1.146900927,2.110785749,
2/05/2022 1:00,1.244509517,2.037579307,
2/05/2022 2:00,1.216040345,2.055880918,
2/05/2022 3:00,1.187571173,2.190092728,
2/05/2022 4:00,1.195705222,2.208394339,
2/05/2022 5:00,1.183504148,2.165690581,
2/05/2022 6:00,1.189604685,2.116886286,
2/05/2022 7:00,1.226207906,2.092484139,
2/05/2022 8:00,1.177403612,,
2/05/2022 9:00,1.153001464,,
2/05/2022 10:00,1.061493411,,
2/05/2022 11:00,1.049292338,,
2/05/2022 12:00,1.085895559,2.159590044,
2/05/2022 13:00,1.146900927,2.171791118,
2/05/2022 14:00,1.128599317,2.208394339,
2/05/2022 15:00,1.165202538,2.14738897,
2/05/2022 16:00,1.073694485,,
2/05/2022 17:00,1.146900927,2.281600781,
2/05/2022 18:00,1.073694485,2.171791118,
2/05/2022 19:00,1.085895559,2.220595412,
2/05/2022 20:00,1.085895559,2.110785749,
2/05/2022 21:00,1.073694485,2.14738897,
2/05/2022 22:00,1.073694485,2.171791118,
3/05/2022 0:00,1.073694485,2.220595412,
3/05/2022 1:00,1.134699854,2.074182528,
3/05/2022 2:00,1.073694485,2.122986823,
3/05/2022 3:00,1.037091264,2.220595412,
3/05/2022 4:00,1.195705222,2.135187897,
3/05/2022 5:00,1.183504148,2.159590044,
3/05/2022 6:00,1.153001464,2.171791118,
3/05/2022 7:00,1.171303075,2.110785749,
3/05/2022 8:00,1.061493411,,
3/05/2022 9:00,1.146900927,,
3/05/2022 10:00,1.098096633,,
3/05/2022 11:00,1.098096633,,
3/05/2022 12:00,1.085895559,,
3/05/2022 13:00,1.085895559,,
3/05/2022 14:00,1.195705222,,
3/05/2022 15:00,1.177403612,,
3/05/2022 16:00,1.171303075,2.171791118,
3/05/2022 17:00,1.256710591,2.098584675,
3/05/2022 18:00,1.268911664,2.183992191,
3/05/2022 19:00,1.293313812,2.171791118,
3/05/2022 22:00,1.189604685,2.226695949,
4/05/2022 0:00,1.171303075,2.165690581,
4/05/2022 1:00,1.171303075,2.226695949,
4/05/2022 2:00,1.159102001,2.287701318,
4/05/2022 3:00,1.281112738,2.318204002,
4/05/2022 4:00,1.305514885,2.208394339,
4/05/2022 5:00,1.177403612,2.183992191,
4/05/2022 6:00,1.195705222,2.306002928,
4/05/2022 7:00,1.085895559,,
4/05/2022 8:00,1.098096633,,
4/05/2022 9:00,1.073694485,2.257198633,
4/05/2022 10:00,0.988286969,2.257198633,
4/05/2022 11:00,1.049292338,2.269399707,
4/05/2022 12:00,1.049292338,2.306002928,
4/05/2022 13:00,1.146900927,,
4/05/2022 14:00,1.061493411,,
4/05/2022 15:00,1.073694485,,
4/05/2022 16:00,1.061493411,2.214494876,
4/05/2022 17:00,1.171303075,2.14738897,
4/05/2022 18:00,1.165202538,2.324304539,
4/05/2022 19:00,1.171303075,2.251098097,
4/05/2022 20:00,1.268911664,2.196193265,
4/05/2022 21:00,1.268911664,2.171791118,
4/05/2022 22:00,1.256710591,2.122986823,
5/05/2022 1:00,1.098096633,,
5/05/2022 2:00,1.098096633,2.342606149,
5/05/2022 3:00,1.183504148,2.354807223,
5/05/2022 4:00,1.165202538,2.281600781,
5/05/2022 5:00,1.159102001,,
5/05/2022 6:00,1.085895559,,
5/05/2022 7:00,1.085895559,,
5/05/2022 8:00,1.098096633,,
5/05/2022 9:00,1.073694485,,
5/05/2022 10:00,1.073694485,,
5/05/2022 11:00,1.073694485,,
5/05/2022 12:00,1.061493411,,
6/05/2022 15:00,1.061493411,,
6/05/2022 16:00,1.049292338,,
6/05/2022 17:00,1.085895559,,
6/05/2022 18:00,1.146900927,2.074182528,
6/05/2022 19:00,1.171303075,2.171791118,
6/05/2022 20:00,1.153001464,,
6/05/2022 21:00,1.146900927,2.110785749,
6/05/2022 22:00,1.073694485,2.12908736,
7/05/2022 0:00,1.061493411,2.155523019,
7/05/2022 1:00,1.073694485,2.122986823,
7/05/2022 2:00,1.061493411,2.165690581,
7/05/2022 3:00,1.073694485,2.208394339,
7/05/2022 4:00,1.171303075,2.24499756,
7/05/2022 5:00,,2.098584675,
7/05/2022 6:00,,2.159590044,
7/05/2022 7:00,1.049292338,2.183992191,
7/05/2022 8:00,1.037091264,2.306002928,
7/05/2022 9:00,1.073694485,2.196193265,
7/05/2022 10:00,,2.110785749,
7/05/2022 15:00,1.061493411,,
7/05/2022 16:00,1.049292338,,
7/05/2022 17:00,1.037091264,,
7/05/2022 18:00,1.061493411,2.281600781,
7/05/2022 19:00,0.963884822,2.208394339,
7/05/2022 20:00,1.073694485,2.269399707,
7/05/2022 21:00,1.12249878,2.183992191,
7/05/2022 22:00,0.994387506,2.232796486,
8/05/2022 0:00,,2.24499756,
8/05/2022 1:00,0.976085896,,
8/05/2022 2:00,0.976085896,,
8/05/2022 3:00,1.061493411,,
8/05/2022 4:00,1.061493411,,
8/05/2022 5:00,1.049292338,,
8/05/2022 6:00,0.963884822,,
8/05/2022 9:00,,2.220595412,
8/05/2022 10:00,,2.281600781,
8/05/2022 11:00,,2.293801855,
8/05/2022 12:00,1.073694485,,
8/05/2022 13:00,0.982186432,2.415812592,
8/05/2022 14:00,1.116398243,2.183992191,
8/05/2022 15:00,1.110297706,2.171791118,
8/05/2022 16:00,1.134699854,2.14738897,
8/05/2022 17:00,1.130632829,2.183992191,
8/05/2022 18:00,1.020823166,2.269399707,
8/05/2022 19:00,1.12249878,2.208394339,
8/05/2022 20:00,1.171303075,2.159590044,
8/05/2022 21:00,1.159102001,2.281600781,
8/05/2022 22:00,1.199772247,2.232796486,
9/05/2022 0:00,1.187571173,2.080283065,
9/05/2022 1:00,1.228241419,2.092484139,
9/05/2022 2:00,1.153001464,2.086383602,
9/05/2022 3:00,1.183504148,2.068081991,
9/05/2022 4:00,1.299414348,2.086383602,
9/05/2022 5:00,1.203839271,2.061981454,
9/05/2022 6:00,1.175370099,2.074182528,
9/05/2022 7:00,1.183504148,2.068081991,
9/05/2022 8:00,1.21197332,2.086383602,
9/05/2022 9:00,1.232308443,2.049780381,
9/05/2022 10:00,1.224174394,,
9/05/2022 11:00,1.165202538,,
9/05/2022 12:00,1.220107369,2.110785749,
9/05/2022 13:00,1.232308443,2.049780381,
9/05/2022 14:00,1.171303075,,
9/05/2022 15:00,1.214006833,,
9/05/2022 16:00,1.073694485,,
9/05/2022 17:00,1.073694485,2.220595412,
9/05/2022 18:00,1.159102001,2.269399707,
9/05/2022 19:00,1.153001464,2.318204002,
9/05/2022 20:00,1.153001464,2.257198633,
9/05/2022 21:00,1.134699854,,
9/05/2022 22:00,1.159102001,2.269399707,
10/05/2022 0:00,1.146900927,2.269399707,
10/05/2022 1:00,1.134699854,2.342606149,
10/05/2022 2:00,1.189604685,2.183992191,
10/05/2022 3:00,1.244509517,2.14738897,
10/05/2022 4:00,1.293313812,2.14738897,
10/05/2022 5:00,1.317715959,2.086383602,
10/05/2022 10:00,1.073694485,,
10/05/2022 11:00,1.073694485,,
10/05/2022 12:00,1.073694485,,
10/05/2022 13:00,1.165202538,2.122986823,
10/05/2022 14:00,1.201805759,2.110785749,
10/05/2022 15:00,1.262811127,2.098584675,
10/05/2022 18:00,1.244509517,2.220595412,
10/05/2022 19:00,1.268911664,2.183992191,
10/05/2022 20:00,1.256710591,2.293801855,
10/05/2022 21:00,1.305514885,2.281600781,
10/05/2022 22:00,1.232308443,2.318204002,
11/05/2022 0:00,1.232308443,2.306002928,
11/05/2022 3:00,1.268911664,2.330405076,
11/05/2022 4:00,1.281112738,2.354807223,
11/05/2022 5:00,1.268911664,2.269399707,
11/05/2022 6:00,1.317715959,2.232796486,
11/05/2022 7:00,1.256710591,2.367008297,
11/05/2022 9:00,1.183504148,,
11/05/2022 10:00,1.171303075,2.354807223,
11/05/2022 11:00,1.203839271,2.257198633,
11/05/2022 12:00,1.16723605,2.37920937,
11/05/2022 13:00,1.012689117,,
11/05/2022 14:00,1.085895559,,
11/05/2022 15:00,1.085895559,,
11/05/2022 16:00,1.073694485,,
11/05/2022 17:00,1.061493411,,
12/05/2022 2:00,1.220107369,2.208394339,
12/05/2022 3:00,1.214006833,2.14738897,
12/05/2022 4:00,1.207906296,2.171791118,
12/05/2022 5:00,1.14080039,2.110785749,
12/05/2022 6:00,1.153001464,2.098584675,
12/05/2022 7:00,1.165202538,2.122986823,
12/05/2022 8:00,1.195705222,2.074182528,
12/05/2022 9:00,1.116398243,2.116886286,
12/05/2022 10:00,1.104197169,2.196193265,
12/05/2022 11:00,1.165202538,2.275500244,
12/05/2022 12:00,1.14080039,,
12/05/2022 13:00,1.128599317,,
12/05/2022 14:00,1.073694485,,
12/05/2022 15:00,1.061493411,,
12/05/2022 18:00,1.085895559,,
12/05/2022 19:00,1.085895559,,
12/05/2022 20:00,1.159102001,,
12/05/2022 21:00,0.951683748,,
13/05/2022 0:00,1.220107369,,
13/05/2022 1:00,1.232308443,,
13/05/2022 2:00,1.281112738,,
13/05/2022 9:00,1.098096633,,
13/05/2022 10:00,1.073694485,,
13/05/2022 11:00,1.085895559,,
13/05/2022 12:00,1.085895559,,
13/05/2022 13:00,1.110297706,,
13/05/2022 15:00,1.159102001,2.306002928,
13/05/2022 16:00,1.256710591,2.293801855,
13/05/2022 17:00,1.293313812,2.391410444,
13/05/2022 18:00,0.951683748,,
13/05/2022 19:00,1.073694485,,
13/05/2022 20:00,1.085895559,,
14/05/2022 0:00,1.268911664,2.403611518,
14/05/2022 1:00,1.256710591,2.391410444,
14/05/2022 2:00,1.244509517,2.318204002,
14/05/2022 3:00,1.268911664,2.354807223,
14/05/2022 4:00,1.256710591,2.293801855,
14/05/2022 5:00,1.195705222,,
14/05/2022 6:00,1.207906296,,
14/05/2022 7:00,1.256710591,2.171791118,
14/05/2022 8:00,1.177403612,2.135187897,
14/05/2022 9:00,1.195705222,2.049780381,
14/05/2022 10:00,1.195705222,,
14/05/2022 11:00,1.195705222,,
14/05/2022 12:00,1.214006833,,
14/05/2022 13:00,1.207906296,,
14/05/2022 14:00,1.236375468,,
14/05/2022 15:00,1.191638197,,
14/05/2022 16:00,1.171303075,,
14/05/2022 17:00,1.116398243,,
14/05/2022 18:00,1.146900927,,
14/05/2022 19:00,1.195705222,2.220595412,
14/05/2022 20:00,1.179437124,2.183992191,
14/05/2022 21:00,1.165202538,2.232796486,
14/05/2022 22:00,1.098096633,,
15/05/2022 0:00,1.085895559,,
15/05/2022 1:00,1.195705222,2.24499756,
15/05/2022 2:00,1.187571173,2.281600781,
15/05/2022 3:00,1.21197332,2.232796486,
15/05/2022 4:00,1.187571173,2.171791118,
15/05/2022 5:00,1.165202538,2.269399707,
15/05/2022 6:00,1.165202538,2.37920937,
15/05/2022 7:00,1.177403612,2.281600781,
15/05/2022 8:00,1.073694485,,
15/05/2022 9:00,1.073694485,,
15/05/2022 10:00,1.085895559,,
15/05/2022 11:00,1.085895559,,
15/05/2022 12:00,1.085895559,,
15/05/2022 13:00,1.085895559,,
15/05/2022 14:00,1.061493411,,
15/05/2022 15:00,0.963884822,,
15/05/2022 18:00,1.244509517,,
15/05/2022 19:00,1.256710591,2.318204002,
15/05/2022 20:00,1.268911664,2.299902391,
15/05/2022 21:00,1.305514885,2.293801855,
15/05/2022 22:00,1.256710591,2.208394339,
16/05/2022 0:00,1.195705222,2.220595412,
16/05/2022 1:00,1.195705222,2.367008297,
16/05/2022 2:00,1.098096633,,
16/05/2022 3:00,1.085895559,,
16/05/2022 4:00,1.085895559,,
16/05/2022 5:00,1.085895559,,
16/05/2022 12:00,,2.342606149,
16/05/2022 13:00,,2.159590044,
16/05/2022 14:00,,2.391410444,
16/05/2022 15:00,,2.312103465,
16/05/2022 16:00,1.085895559,2.26329917,
16/05/2022 17:00,1.049292338,2.3344721,
16/05/2022 18:00,1.171303075,2.190092728,
16/05/2022 19:00,1.177403612,2.220595412,
16/05/2022 20:00,1.214006833,2.293801855,
16/05/2022 21:00,1.256710591,2.269399707,
16/05/2022 22:00,,2.415812592,
17/05/2022 0:00,,2.354807223,
17/05/2022 1:00,1.073694485,2.342606149,
17/05/2022 2:00,1.098096633,,
17/05/2022 3:00,1.128599317,,
17/05/2022 4:00,1.329917033,,
17/05/2022 5:00,1.35431918,,
17/05/2022 6:00,1.073694485,,
17/05/2022 7:00,1.085895559,,
17/05/2022 8:00,1.073694485,,
18/05/2022 6:00,,2.293801855,
18/05/2022 7:00,,2.37920937,
18/05/2022 8:00,,2.367008297,
27/05/2022 1:00,,2.293801855,
27/05/2022 2:00,,2.440214739,
27/05/2022 3:00,,2.232796486,
28/05/2022 1:00,1.049292338,,
28/05/2022 2:00,1.061493411,,
28/05/2022 3:00,1.049292338,,
28/05/2022 4:00,1.061493411,,
28/05/2022 13:00,,2.269399707,
28/05/2022 14:00,,2.428013665,
28/05/2022 15:00,1.073694485,2.171791118,
28/05/2022 16:00,1.073694485,2.037579307,
28/05/2022 17:00,0.976085896,2.110785749,
28/05/2022 18:00,,3.355295266,
28/05/2022 19:00,,3.513909224,
28/05/2022 20:00,1.159102001,3.452903856,
28/05/2022 21:00,1.12249878,3.428501708,
28/05/2022 22:00,1.091996096,3.38579795,
29/05/2022 0:00,1.085895559,3.343094192,
29/05/2022 1:00,1.073694485,3.306490971,
29/05/2022 2:00,1.073694485,3.343094192,
29/05/2022 3:00,1.073694485,,
29/05/2022 4:00,1.061493411,,
29/05/2022 5:00,1.073694485,,
29/05/2022 6:00,1.073694485,,
29/05/2022 7:00,1.061493411,3.221083455,
29/05/2022 8:00,1.061493411,3.208882382,
29/05/2022 9:00,1.098096633,3.221083455,
29/05/2022 10:00,1.073694485,3.233284529,
29/05/2022 11:00,1.061493411,3.208882382,
29/05/2022 12:00,1.098096633,3.245485603,
29/05/2022 13:00,1.12249878,3.245485603,
29/05/2022 14:00,1.098096633,3.172279161,
29/05/2022 15:00,1.098096633,,
29/05/2022 18:00,1.085895559,,
29/05/2022 19:00,1.177403612,3.129575403,
29/05/2022 20:00,1.085895559,,
29/05/2022 21:00,1.085895559,,
29/05/2022 22:00,1.098096633,3.111273792,
30/05/2022 0:00,1.110297706,3.111273792,
30/05/2022 1:00,1.085895559,3.062469497,
30/05/2022 2:00,1.171303075,3.050268424,
30/05/2022 3:00,1.256710591,3.05636896,
30/05/2022 4:00,1.171303075,3.062469497,
30/05/2022 5:00,1.189604685,3.062469497,
30/05/2022 6:00,1.134699854,3.05636896,
30/05/2022 7:00,1.098096633,,
30/05/2022 8:00,1.12249878,,
30/05/2022 9:00,1.098096633,3.025866276,
30/05/2022 10:00,1.073694485,3.013665203,
30/05/2022 11:00,1.12249878,3.001464129,
30/05/2022 12:00,1.098096633,3.001464129,
30/05/2022 13:00,1.098096633,2.977061981,
30/05/2022 17:00,,2.964860908,
30/05/2022 18:00,,2.916056613,
30/05/2022 19:00,,2.891654466,
30/05/2022 21:00,1.171303075,2.891654466,
30/05/2022 22:00,1.146900927,2.903855539,
31/05/2022 0:00,1.159102001,2.879453392,
31/05/2022 1:00,1.281112738,2.891654466,
31/05/2022 2:00,1.146900927,2.916056613,
31/05/2022 3:00,1.165202538,2.873352855,
31/05/2022 4:00,1.183504148,2.891654466,
31/05/2022 5:00,1.189604685,2.867252318,
31/05/2022 6:00,1.195705222,2.867252318,
31/05/2022 7:00,1.098096633,,
31/05/2022 8:00,1.110297706,2.867252318,
31/05/2022 9:00,1.098096633,2.855051245,
31/05/2022 10:00,1.110297706,2.830649097,
31/05/2022 11:00,1.098096633,2.848950708,
31/05/2022 12:00,1.085895559,2.836749634,
31/05/2022 13:00,1.085895559,2.82454856,
31/05/2022 14:00,1.110297706,2.47681796,
31/05/2022 15:00,1.183504148,2.635431918,
31/05/2022 16:00,1.177403612,2.763543192,
31/05/2022 17:00,1.085895559,2.757442655,
31/05/2022 18:00,1.128599317,2.757442655,
31/05/2022 19:00,1.128599317,2.781844802,
31/05/2022 20:00,1.171303075,2.757442655,
31/05/2022 21:00,1.146900927,2.745241581,
31/05/2022 22:00,1.281112738,2.403611518,
1/06/2022 0:00,1.268911664,2.428013665,
1/06/2022 1:00,,2.720839434,
1/06/2022 2:00,1.085895559,2.489019034,
1/06/2022 3:00,1.171303075,2.428013665,
1/06/2022 4:00,1.390922401,2.696437286,
1/06/2022 5:00,1.073694485,,
1/06/2022 6:00,1.061493411,,
1/06/2022 7:00,1.073694485,2.733040508,
1/06/2022 8:00,1.073694485,2.696437286,
1/06/2022 9:00,1.085895559,2.696437286,
1/06/2022 10:00,1.098096633,2.665934602,5.173255246
1/06/2022 11:00,1.110297706,2.635431918,5.05124451
1/06/2022 12:00,1.073694485,2.684236213,5.112249878
1/06/2022 13:00,1.073694485,2.672035139,
1/06/2022 14:00,1.073694485,2.647632992,
1/06/2022 15:00,1.085895559,2.659834065,
1/06/2022 16:00,1.085895559,2.659834065,
1/06/2022 17:00,1.098096633,2.672035139,
1/06/2022 18:00,1.159102001,2.659834065,
1/06/2022 19:00,1.085895559,,
1/06/2022 20:00,1.183504148,2.641532455,
1/06/2022 21:00,1.171303075,2.647632992,
1/06/2022 22:00,1.201805759,2.641532455,
2/06/2022 0:00,1.189604685,2.641532455,
2/06/2022 1:00,1.159102001,2.647632992,
2/06/2022 2:00,1.195705222,2.623230844,
2/06/2022 3:00,1.195705222,2.623230844,
2/06/2022 4:00,1.171303075,2.647632992,
2/06/2022 5:00,1.214006833,2.629331381,
2/06/2022 6:00,1.171303075,2.623230844,5.026842362
2/06/2022 7:00,1.189604685,2.617130307,4.85602733
2/06/2022 8:00,1.177403612,2.604929234,4.831625183
2/06/2022 9:00,1.177403612,2.641532455,4.904831625
2/06/2022 10:00,1.183504148,2.586627623,4.782820888
2/06/2022 11:00,1.085895559,2.598828697,4.673011225
2/06/2022 12:00,1.085895559,2.611029771,4.807223036
2/06/2022 13:00,1.183504148,2.598828697,4.95363592
2/06/2022 14:00,1.159102001,2.57442655,4.880429478
2/06/2022 15:00,1.183504148,2.604929234,
2/06/2022 16:00,1.189604685,2.586627623,
2/06/2022 17:00,1.171303075,2.59272816,
2/06/2022 18:00,1.098096633,2.57442655,
2/06/2022 19:00,1.098096633,2.586627623,
2/06/2022 20:00,1.146900927,2.550024402,
2/06/2022 21:00,1.165202538,2.550024402,
2/06/2022 22:00,1.195705222,,
3/06/2022 0:00,1.085895559,,
3/06/2022 1:00,1.085895559,,
3/06/2022 2:00,1.085895559,,
3/06/2022 3:00,1.061493411,,
3/06/2022 4:00,1.085895559,2.525622255,
3/06/2022 5:00,1.085895559,2.513421181,
3/06/2022 6:00,1.098096633,2.537823328,
3/06/2022 7:00,1.195705222,2.537823328,4.62420693
3/06/2022 8:00,1.189604685,2.513421181,4.526598341
3/06/2022 9:00,1.183504148,2.489019034,4.453391898
3/06/2022 10:00,1.159102001,2.489019034,4.477794046
3/06/2022 11:00,1.226207906,2.513421181,4.538799414
3/06/2022 12:00,1.207906296,2.507320644,4.471693509
3/06/2022 13:00,1.214006833,2.513421181,4.557101025
3/06/2022 14:00,1.085895559,,4.538799414
3/06/2022 15:00,1.098096633,,
3/06/2022 16:00,1.098096633,,
3/06/2022 17:00,1.110297706,,
3/06/2022 18:00,1.073694485,,
3/06/2022 19:00,1.098096633,,
3/06/2022 20:00,1.098096633,,
3/06/2022 21:00,1.110297706,2.452415813,
3/06/2022 22:00,1.12249878,2.47681796,
4/06/2022 0:00,1.098096633,2.452415813,
4/06/2022 1:00,1.098096633,2.415812592,
4/06/2022 2:00,1.098096633,2.440214739,
4/06/2022 3:00,1.110297706,2.452415813,
4/06/2022 4:00,1.183504148,2.458516349,
4/06/2022 5:00,1.189604685,2.456482837,
4/06/2022 6:00,1.183504148,2.448348788,
4/06/2022 7:00,1.159102001,2.464616886,4.355783309
4/06/2022 8:00,1.098096633,2.458516349,4.39238653
4/06/2022 9:00,1.189604685,2.452415813,4.367984383
4/06/2022 10:00,1.085895559,,
4/06/2022 11:00,1.183504148,,4.361883846
4/06/2022 12:00,1.23840898,2.464616886,4.398487067
4/06/2022 13:00,1.201805759,2.464616886,4.422889214
4/06/2022 14:00,1.244509517,2.464616886,4.386285993
4/06/2022 15:00,1.110297706,2.440214739,4.367984383
4/06/2022 16:00,1.23840898,2.440214739,4.380185456
4/06/2022 17:00,1.250610054,2.464616886,4.367984383
4/06/2022 18:00,1.232308443,2.428013665,4.343582235
4/06/2022 19:00,1.23840898,2.428013665,4.380185456
4/06/2022 20:00,1.256710591,,
4/06/2022 21:00,1.085895559,,
4/06/2022 22:00,1.098096633,,
5/06/2022 1:00,1.085895559,,
5/06/2022 2:00,1.214006833,,
5/06/2022 3:00,1.262811127,,
5/06/2022 4:00,1.250610054,,
5/06/2022 5:00,1.177403612,2.440214739,
5/06/2022 6:00,1.079795022,2.440214739,
5/06/2022 7:00,1.061493411,2.428013665,
5/06/2022 8:00,1.049292338,2.452415813,4.355783309
5/06/2022 9:00,1.037091264,2.464616886,4.306979014
5/06/2022 10:00,1.12249878,2.415812592,4.306979014
5/06/2022 11:00,1.116398243,,
5/06/2022 12:00,1.134699854,,4.306979014
5/06/2022 13:00,1.14080039,,4.380185456
5/06/2022 14:00,1.116398243,,4.233772572
5/06/2022 15:00,1.091996096,,4.319180088
5/06/2022 16:00,,,4.538799414
5/06/2022 18:00,1.049292338,,
5/06/2022 19:00,1.02489019,,
5/06/2022 20:00,0.984219945,,
5/06/2022 21:00,1.020823166,,4.428989751
5/06/2022 22:00,1.02489019,2.452415813,4.343582235
6/06/2022 0:00,1.012689117,2.440214739,4.428989751
6/06/2022 1:00,1.098096633,2.440214739,4.416788677
6/06/2022 2:00,1.02489019,2.452415813,4.404587604
6/06/2022 5:00,1.061493411,2.452415813,4.404587604
6/06/2022 6:00,1.061493411,2.458516349,4.39238653
6/06/2022 7:00,0.988286969,2.464616886,4.39238653
6/06/2022 8:00,1.012689117,2.440214739,4.453391898
6/06/2022 9:00,1.073694485,2.440214739,4.313079551
6/06/2022 10:00,1.085895559,2.458516349,4.435090288
6/06/2022 11:00,1.073694485,2.458516349,4.39238653
6/06/2022 12:00,1.085895559,2.464616886,4.386285993
6/06/2022 13:00,1.073694485,2.458516349,4.380185456
6/06/2022 14:00,1.098096633,2.47681796,4.404587604
6/06/2022 15:00,1.098096633,,
6/06/2022 20:00,,2.452415813,
6/06/2022 21:00,,2.440214739,
6/06/2022 22:00,,2.464616886,
7/06/2022 0:00,,2.464616886,
7/06/2022 1:00,,2.452415813,
7/06/2022 2:00,,2.452415813,
7/06/2022 3:00,,2.440214739,
7/06/2022 4:00,1.220107369,2.47681796,
7/06/2022 5:00,1.329917033,2.464616886,
7/06/2022 6:00,1.415324549,2.47681796,
7/06/2022 7:00,1.061493411,2.452415813,
7/06/2022 8:00,1.073694485,,
7/06/2022 9:00,1.061493411,,
7/06/2022 10:00,1.073694485,,
7/06/2022 11:00,1.061493411,2.464616886,4.416788677
7/06/2022 12:00,1.085895559,2.464616886,4.331381162
7/06/2022 13:00,1.110297706,2.440214739,4.39238653
7/06/2022 14:00,1.098096633,2.452415813,4.428989751
7/06/2022 15:00,1.146900927,2.452415813,4.398487067
7/06/2022 16:00,1.12249878,2.47681796,4.428989751
7/06/2022 17:00,1.153001464,2.458516349,4.355783309
7/06/2022 18:00,1.116398243,2.452415813,4.386285993
7/06/2022 19:00,1.171303075,2.458516349,4.374084919
7/06/2022 20:00,1.165202538,2.446315276,4.306979014
7/06/2022 21:00,1.085895559,2.446315276,4.313079551
7/06/2022 22:00,1.14080039,2.434114202,4.404587604
8/06/2022 0:00,1.085895559,2.434114202,4.343582235
8/06/2022 1:00,1.098096633,2.434114202,4.367984383
8/06/2022 2:00,1.171303075,2.446315276,4.355783309
8/06/2022 3:00,1.128599317,2.440214739,4.447291362
8/06/2022 4:00,1.427525622,2.440214739,4.245973646
8/06/2022 6:00,,2.428013665,
8/06/2022 7:00,,2.452415813,
8/06/2022 8:00,,2.452415813,
8/06/2022 12:00,,,4.355783309
8/06/2022 13:00,1.189604685,2.421913128,4.319180088
8/06/2022 14:00,1.201805759,2.421913128,4.252074183
8/06/2022 15:00,1.098096633,2.428013665,4.355783309
8/06/2022 16:00,1.183504148,2.409712055,4.306979014
8/06/2022 17:00,1.110297706,2.01317716,
8/06/2022 18:00,1.110297706,2.415812592,
8/06/2022 19:00,1.110297706,2.440214739,4.331381162
8/06/2022 20:00,1.12249878,2.440214739,4.331381162
8/06/2022 21:00,1.183504148,2.428013665,4.355783309
8/06/2022 22:00,1.177403612,2.403611518,4.319180088
9/06/2022 0:00,1.128599317,2.428013665,4.282576867
9/06/2022 1:00,1.177403612,2.440214739,4.343582235
9/06/2022 2:00,1.110297706,2.452415813,4.343582235
9/06/2022 3:00,1.171303075,2.452415813,4.331381162
9/06/2022 4:00,1.146900927,2.440214739,4.404587604
9/06/2022 5:00,1.110297706,2.440214739,4.367984383
9/06/2022 6:00,1.14080039,2.452415813,4.361883846
9/06/2022 7:00,1.073694485,2.452415813,4.39238653
9/06/2022 8:00,1.049292338,,
9/06/2022 9:00,1.073694485,2.47681796,
9/06/2022 10:00,1.110297706,2.47681796,4.416788677
9/06/2022 11:00,1.134699854,2.440214739,4.331381162
9/06/2022 12:00,1.085895559,2.440214739,4.367984383
9/06/2022 13:00,1.098096633,2.428013665,4.355783309
9/06/2022 14:00,1.085895559,2.464616886,4.343582235
9/06/2022 15:00,1.073694485,2.440214739,
9/06/2022 16:00,1.073694485,2.47681796,
9/06/2022 17:00,1.073694485,2.464616886,
9/06/2022 18:00,1.110297706,2.458516349,4.453391898
9/06/2022 19:00,1.098096633,2.470717423,4.416788677
9/06/2022 20:00,1.153001464,2.489019034,4.386285993
9/06/2022 21:00,1.165202538,2.458516349,4.477794046
9/06/2022 22:00,1.085895559,2.489019034,4.441190825
10/06/2022 0:00,0.976085896,2.318204002,
10/06/2022 1:00,1.085895559,2.47681796,
10/06/2022 2:00,1.098096633,2.47681796,
10/06/2022 3:00,,2.47681796,
10/06/2022 4:00,,2.47681796,
10/06/2022 5:00,1.085895559,2.464616886,
10/06/2022 6:00,1.085895559,2.489019034,
10/06/2022 7:00,1.073694485,2.440214739,
10/06/2022 8:00,1.073694485,2.452415813,
10/06/2022 9:00,1.12249878,2.464616886,
10/06/2022 10:00,1.153001464,2.47681796,
10/06/2022 11:00,1.12249878,2.470717423,4.465592972
10/06/2022 12:00,1.116398243,2.452415813,4.416788677
10/06/2022 13:00,1.12249878,2.452415813,4.428989751
10/06/2022 14:00,1.165202538,2.489019034,4.453391898
10/06/2022 18:00,1.207906296,2.14738897,
10/06/2022 19:00,1.195705222,2.464616886,
10/06/2022 20:00,1.171303075,2.452415813,
10/06/2022 21:00,1.207906296,2.464616886,
10/06/2022 22:00,1.171303075,2.47681796,4.453391898
11/06/2022 0:00,1.195705222,2.464616886,4.367984383
11/06/2022 1:00,1.159102001,2.464616886,4.465592972
11/06/2022 2:00,1.159102001,2.47681796,4.416788677
11/06/2022 3:00,1.390922401,2.47681796,4.416788677
11/06/2022 6:00,1.268911664,2.464616886,4.453391898
11/06/2022 7:00,1.183504148,2.464616886,4.465592972
11/06/2022 8:00,1.177403612,2.464616886,4.416788677
11/06/2022 9:00,1.098096633,2.464616886,4.441190825
11/06/2022 10:00,1.175370099,2.501220107,4.447291362
11/06/2022 11:00,1.155034976,2.484952009,4.447291362
11/06/2022 12:00,1.155034976,2.47681796,4.39238653
11/06/2022 13:00,1.163169026,2.47681796,4.465592972
11/06/2022 14:00,1.138766878,2.47681796,4.506263218
11/06/2022 15:00,1.146900927,2.468683911,4.465592972
11/06/2022 16:00,1.183504148,2.484952009,4.441190825
11/06/2022 17:00,1.142833903,2.501220107,4.447291362
11/06/2022 18:00,1.134699854,2.501220107,4.416788677
11/06/2022 19:00,1.061493411,2.47681796,4.477794046
11/06/2022 20:00,1.085895559,2.47681796,4.514397267
11/06/2022 21:00,1.098096633,2.489019034,4.48999512
11/06/2022 22:00,1.098096633,2.507320644,
12/06/2022 0:00,1.155034976,2.489019034,4.465592972
12/06/2022 1:00,1.171303075,2.470717423,4.48999512
12/06/2022 2:00,1.183504148,2.489019034,4.48999512
12/06/2022 3:00,1.268911664,2.47681796,4.514397267
12/06/2022 4:00,1.195705222,2.489019034,4.465592972
12/06/2022 5:00,1.171303075,2.501220107,4.477794046
12/06/2022 6:00,1.220107369,2.47681796,4.428989751
12/06/2022 7:00,1.171303075,2.495119571,4.465592972
12/06/2022 8:00,1.201805759,2.489019034,4.404587604
12/06/2022 9:00,1.23840898,2.482918497,4.441190825
12/06/2022 10:00,1.189604685,2.489019034,4.398487067
12/06/2022 11:00,1.175370099,2.501220107,4.453391898
12/06/2022 12:00,1.138766878,2.489019034,4.471693509
12/06/2022 13:00,1.146900927,2.505287132,4.441190825
12/06/2022 14:00,1.134699854,2.489019034,4.453391898
12/06/2022 15:00,1.150967952,2.489019034,4.48999512
12/06/2022 16:00,1.150967952,2.505287132,4.502196193
12/06/2022 17:00,1.187571173,2.517488206,4.48999512
12/06/2022 18:00,1.146900927,2.501220107,4.526598341
12/06/2022 19:00,1.14080039,2.519521718,
12/06/2022 20:00,1.171303075,2.501220107,
12/06/2022 21:00,1.146900927,2.513421181,
12/06/2022 22:00,1.159102001,2.550024402,
13/06/2022 0:00,1.183504148,2.550024402,
13/06/2022 1:00,1.098096633,2.550024402,
13/06/2022 2:00,1.171303075,2.562225476,4.526598341
13/06/2022 3:00,1.189604685,2.550024402,4.563201562
13/06/2022 4:00,1.226207906,2.562225476,4.581503172
13/06/2022 5:00,1.179437124,2.57442655,4.67707825
13/06/2022 6:00,1.150967952,2.5662925,4.640475028
13/06/2022 7:00,1.146900927,2.57442655,4.666910688
13/06/2022 8:00,1.163169026,2.582560599,4.673011225
13/06/2022 9:00,1.183504148,2.57442655,4.685212299
13/06/2022 10:00,1.150967952,2.590694648,4.691312836
13/06/2022 11:00,1.191638197,2.590694648,4.752318204
13/06/2022 12:00,1.171303075,2.598828697,4.746217667
13/06/2022 13:00,1.195705222,2.598828697,
13/06/2022 14:00,1.244509517,2.586627623,
13/06/2022 15:00,1.220107369,2.586627623,
13/06/2022 16:00,1.293313812,2.604929234,4.612005857
13/06/2022 17:00,1.153001464,2.586627623,4.770619815
13/06/2022 18:00,1.177403612,2.61916382,4.526598341
13/06/2022 19:00,1.171303075,2.623230844,4.770619815
13/06/2022 20:00,1.110297706,2.623230844,
13/06/2022 21:00,1.098096633,2.635431918,
13/06/2022 22:00,1.165202538,2.643565967,4.758418741
14/06/2022 0:00,1.134699854,2.639498943,4.904831625
14/06/2022 1:00,1.16723605,2.647632992,4.587603709
14/06/2022 2:00,1.138766878,2.647632992,4.843826257
14/06/2022 3:00,1.183504148,2.639498943,4.770619815
14/06/2022 4:00,1.171303075,2.659834065,4.746217667
14/06/2022 5:00,1.183504148,2.655767041,4.843826257
14/06/2022 6:00,1.146900927,2.672035139,4.819424109
14/06/2022 7:00,1.163169026,2.647632992,4.807223036
14/06/2022 8:00,1.089962583,2.208394339,4.831625183
14/06/2022 9:00,1.155034976,2.306002928,
14/06/2022 10:00,1.14080039,2.659834065,4.868228404
14/06/2022 11:00,1.146900927,2.672035139,4.85602733
14/06/2022 12:00,1.165202538,2.684236213,4.917032699
14/06/2022 13:00,1.177403612,2.70863836,5.002440215
14/06/2022 14:00,1.183504148,2.659834065,4.917032699
14/06/2022 15:00,1.146900927,2.702537823,
14/06/2022 16:00,1.171303075,2.696437286,
14/06/2022 17:00,1.098096633,2.714738897,
14/06/2022 18:00,1.134699854,2.70863836,
14/06/2022 19:00,1.098096633,2.70863836,
14/06/2022 20:00,1.073694485,,
14/06/2022 21:00,1.146900927,2.696437286,
14/06/2022 22:00,1.110297706,2.714738897,
15/06/2022 0:00,1.183504148,2.720839434,
15/06/2022 1:00,1.155034976,2.733040508,
15/06/2022 2:00,1.159102001,2.733040508,
15/06/2022 3:00,1.116398243,2.720839434,
15/06/2022 4:00,1.12249878,2.745241581,
15/06/2022 5:00,1.16723605,2.757442655,
15/06/2022 6:00,1.159102001,2.763543192,
15/06/2022 7:00,1.175370099,2.739141044,
15/06/2022 8:00,1.155034976,2.769643729,
15/06/2022 9:00,1.228241419,2.745241581,
15/06/2022 10:00,1.220107369,2.775744265,
15/06/2022 11:00,1.085895559,2.781844802,
15/06/2022 12:00,1.098096633,2.794045876,
15/06/2022 13:00,1.073694485,2.80624695,
15/06/2022 14:00,1.183504148,2.781844802,
15/06/2022 15:00,1.146900927,2.781844802,
15/06/2022 16:00,1.163169026,2.789978851,
15/06/2022 17:00,1.179437124,2.781844802,
15/06/2022 18:00,1.16723605,2.781844802,
15/06/2022 19:00,1.163169026,2.781844802,
15/06/2022 20:00,1.085895559,2.830649097,
15/06/2022 21:00,1.085895559,,
15/06/2022 22:00,1.098096633,2.80624695,
16/06/2022 0:00,1.085895559,2.80624695,
16/06/2022 1:00,1.163169026,2.794045876,
16/06/2022 2:00,1.171303075,2.800146413,
16/06/2022 3:00,1.201805759,2.818448023,
16/06/2022 4:00,1.175370099,2.798112901,
16/06/2022 5:00,1.16723605,2.830649097,
16/06/2022 6:00,1.159102001,2.830649097,
16/06/2022 7:00,1.191638197,2.830649097,
16/06/2022 8:00,1.187571173,2.818448023,
16/06/2022 9:00,1.128599317,2.842850171,
16/06/2022 10:00,1.14080039,2.818448023,
16/06/2022 11:00,1.159102001,2.842850171,
16/06/2022 12:00,1.165202538,2.830649097,
16/06/2022 13:00,1.146900927,2.848950708,
16/06/2022 14:00,1.171303075,2.846917195,
16/06/2022 15:00,1.134699854,2.842850171,
16/06/2022 16:00,1.116398243,2.879453392,
16/06/2022 17:00,1.14080039,2.855051245,
16/06/2022 18:00,1.146900927,2.848950708,
16/06/2022 19:00,1.116398243,2.861151781,
16/06/2022 20:00,1.098096633,2.879453392,
16/06/2022 21:00,1.189604685,2.867252318,
16/06/2022 22:00,1.171303075,2.879453392,
17/06/2022 0:00,1.177403612,2.873352855,
17/06/2022 1:00,1.183504148,2.879453392,
17/06/2022 2:00,1.171303075,2.891654466,
17/06/2022 3:00,1.177403612,2.897755002,
17/06/2022 4:00,1.195705222,2.903855539,
17/06/2022 5:00,1.175370099,2.883520416,
17/06/2022 6:00,1.203839271,2.907922564,
17/06/2022 7:00,1.159102001,2.911989588,
17/06/2022 8:00,1.175370099,2.911989588,
17/06/2022 9:00,1.159102001,2.920123638,
17/06/2022 10:00,1.189604685,2.928257687,
17/06/2022 11:00,1.153001464,2.928257687,
17/06/2022 12:00,1.189604685,2.928257687,
17/06/2022 13:00,1.098096633,2.903855539,
17/06/2022 14:00,1.098096633,2.94045876,
17/06/2022 15:00,1.146900927,2.47681796,
17/06/2022 16:00,1.207906296,2.903855539,
17/06/2022 17:00,1.142833903,2.956726859,
17/06/2022 18:00,1.171303075,2.952659834,
17/06/2022 19:00,1.216040345,2.964860908,
17/06/2022 20:00,1.16723605,2.946559297,
17/06/2022 21:00,1.14080039,2.946559297,
17/06/2022 22:00,1.12249878,2.983162518,
18/06/2022 0:00,1.085895559,,
18/06/2022 1:00,1.098096633,,
18/06/2022 2:00,1.085895559,2.989263055,
18/06/2022 3:00,1.12249878,3.001464129,
18/06/2022 4:00,1.14080039,3.001464129,
18/06/2022 5:00,1.153001464,3.03806735,
18/06/2022 6:00,1.110297706,3.03806735,
18/06/2022 7:00,1.146900927,3.031966813,
18/06/2022 8:00,1.110297706,3.050268424,
18/06/2022 9:00,1.153001464,3.062469497,
18/06/2022 10:00,1.159102001,3.050268424,
18/06/2022 11:00,1.183504148,3.050268424,
18/06/2022 12:00,1.214006833,3.074670571,
18/06/2022 13:00,1.232308443,3.074670571,
18/06/2022 14:00,1.159102001,3.099072718,
18/06/2022 15:00,1.175370099,3.050268424,
18/06/2022 16:00,1.116398243,3.099072718,
18/06/2022 17:00,1.159102001,3.062469497,
18/06/2022 18:00,1.110297706,3.074670571,
18/06/2022 19:00,1.146900927,3.099072718,
18/06/2022 20:00,1.191638197,3.066536522,
18/06/2022 21:00,1.199772247,3.08280462,
18/06/2022 22:00,1.155034976,3.066536522,
19/06/2022 0:00,1.183504148,3.103139743,
19/06/2022 1:00,1.150967952,3.107206768,
19/06/2022 2:00,1.195705222,3.105173255,
19/06/2022 3:00,1.171303075,3.086871645,
19/06/2022 4:00,1.163169026,3.092972182,
19/06/2022 5:00,1.201805759,3.111273792,
19/06/2022 6:00,1.23840898,3.135675939,
19/06/2022 7:00,1.191638197,3.117374329,
19/06/2022 8:00,1.203839271,3.117374329,
19/06/2022 9:00,1.150967952,3.135675939,
19/06/2022 10:00,1.207906296,3.139742964,
19/06/2022 11:00,1.199772247,3.143809989,
19/06/2022 12:00,1.175370099,3.160078087,
19/06/2022 13:00,1.199772247,3.184480234,
19/06/2022 14:00,1.220107369,3.164145111,
19/06/2022 15:00,1.175370099,3.176346185,
19/06/2022 16:00,1.183504148,3.172279161,
19/06/2022 17:00,1.163169026,3.160078087,
19/06/2022 18:00,1.191638197,3.172279161,
19/06/2022 19:00,1.16723605,3.217016431,
19/06/2022 20:00,1.179437124,3.172279161,
19/06/2022 21:00,1.183504148,3.176346185,
19/06/2022 22:00,1.175370099,3.217016431,
20/06/2022 0:00,1.183504148,3.200748333,
20/06/2022 1:00,1.16723605,3.245485603,
20/06/2022 2:00,1.199772247,3.221083455,
20/06/2022 3:00,1.175370099,3.241418578,
20/06/2022 4:00,1.187571173,3.221083455,
20/06/2022 5:00,1.175370099,3.233284529,
20/06/2022 6:00,1.187571173,3.245485603,
20/06/2022 7:00,1.195705222,3.245485603,
20/06/2022 8:00,1.203839271,3.263787213,
20/06/2022 9:00,1.224174394,3.239385066,
20/06/2022 10:00,1.203839271,3.26988775,
20/06/2022 11:00,1.187571173,3.273954775,
20/06/2022 12:00,1.195705222,3.306490971,
20/06/2022 13:00,1.203839271,3.249552627,
20/06/2022 14:00,1.179437124,3.286155848,
20/06/2022 15:00,1.175370099,3.290222873,
20/06/2022 16:00,1.187571173,3.290222873,
20/06/2022 17:00,1.207906296,3.306490971,
20/06/2022 18:00,1.165202538,3.312591508,
20/06/2022 19:00,1.207906296,3.306490971,
20/06/2022 20:00,1.146900927,3.300390434,
20/06/2022 21:00,1.110297706,3.343094192,
20/06/2022 22:00,1.134699854,3.336993655,
21/06/2022 0:00,1.098096633,3.355295266,
21/06/2022 1:00,1.159102001,3.343094192,
21/06/2022 2:00,1.12249878,3.318692045,
21/06/2022 3:00,1.134699854,3.343094192,
21/06/2022 4:00,1.12249878,3.343094192,
21/06/2022 5:00,1.085895559,3.36749634,
21/06/2022 6:00,1.110297706,3.349194729,
21/06/2022 7:00,1.183504148,3.343094192,
21/06/2022 8:00,1.187571173,3.330893119,
21/06/2022 9:00,1.175370099,3.330893119,
21/06/2022 10:00,1.203839271,3.330893119,
21/06/2022 11:00,1.175370099,3.355295266,
21/06/2022 12:00,1.165202538,3.36749634,
21/06/2022 13:00,1.195705222,3.36749634,
21/06/2022 14:00,1.189604685,3.379697413,
21/06/2022 15:00,1.201805759,3.404099561,
21/06/2022 16:00,1.183504148,3.36749634,
21/06/2022 17:00,1.159102001,3.379697413,
21/06/2022 18:00,1.098096633,,
21/06/2022 19:00,1.110297706,,
21/06/2022 20:00,1.256710591,,
21/06/2022 21:00,1.189604685,,
21/06/2022 22:00,1.165202538,,
22/06/2022 0:00,1.183504148,3.36749634,
22/06/2022 1:00,1.153001464,3.400032536,
22/06/2022 2:00,1.171303075,3.395965512,
22/06/2022 3:00,1.153001464,3.416300634,
22/06/2022 4:00,1.171303075,3.38579795,
22/06/2022 5:00,1.153001464,3.391898487,
22/06/2022 6:00,1.214006833,3.379697413,
22/06/2022 7:00,1.183504148,3.416300634,
22/06/2022 8:00,1.224174394,3.416300634,
22/06/2022 9:00,1.183504148,3.416300634,
22/06/2022 10:00,1.183504148,3.432568733,
22/06/2022 11:00,1.21197332,3.432568733,
22/06/2022 12:00,1.183504148,3.440702782,
22/06/2022 13:00,1.171303075,3.440702782,
22/06/2022 14:00,1.195705222,3.440702782,
22/06/2022 15:00,1.199772247,3.434602245,
22/06/2022 16:00,1.146900927,3.416300634,
22/06/2022 17:00,1.191638197,3.416300634,
22/06/2022 18:00,1.207906296,3.446803319,
22/06/2022 19:00,1.187571173,3.465104929,
22/06/2022 20:00,1.14080039,3.465104929,
22/06/2022 21:00,1.195705222,3.45697088,
22/06/2022 22:00,1.224174394,3.45697088,
23/06/2022 0:00,1.179437124,3.473238978,
23/06/2022 1:00,1.244509517,3.50170815,
23/06/2022 2:00,1.207906296,3.473238978,
23/06/2022 3:00,1.183504148,3.50170815,
23/06/2022 4:00,1.207906296,3.495607613,
23/06/2022 5:00,1.224174394,3.50170815,
23/06/2022 6:00,1.177403612,3.48340654,
23/06/2022 7:00,1.191638197,3.485440052,
23/06/2022 8:00,1.232308443,3.485440052,
23/06/2022 9:00,1.207906296,3.520009761,
23/06/2022 10:00,1.214006833,3.538311371,
23/06/2022 11:00,1.220107369,3.532210835,
23/06/2022 12:00,1.207906296,3.544411908,
23/06/2022 13:00,1.177403612,3.526110298,
23/06/2022 14:00,1.189604685,3.520009761,
23/06/2022 15:00,1.201805759,3.526110298,
23/06/2022 16:00,1.207906296,3.544411908,
23/06/2022 17:00,1.159102001,3.544411908,
23/06/2022 18:00,1.177403612,3.526110298,
23/06/2022 19:00,1.14080039,3.538311371,
23/06/2022 20:00,1.183504148,3.562713519,
23/06/2022 21:00,1.165202538,3.550512445,
23/06/2022 22:00,1.183504148,3.562713519,
24/06/2022 0:00,1.220107369,3.568814056,
24/06/2022 1:00,1.191638197,3.574914592,
24/06/2022 2:00,1.216040345,3.611517814,
24/06/2022 3:00,1.187571173,3.593216203,
24/06/2022 4:00,1.216040345,3.611517814,
24/06/2022 5:00,1.189604685,3.587115666,
24/06/2022 6:00,1.171303075,3.61761835,
24/06/2022 7:00,1.248576541,3.591182691,
24/06/2022 8:00,1.203839271,3.583048642,
24/06/2022 9:00,1.207906296,3.648121035,
24/06/2022 10:00,1.195705222,3.631852936,
24/06/2022 11:00,1.216040345,3.619651863,
24/06/2022 12:00,1.191638197,3.615584838,
24/06/2022 13:00,1.153001464,3.611517814,
24/06/2022 14:00,1.199772247,3.642020498,
24/06/2022 15:00,1.228241419,3.629819424,
24/06/2022 16:00,1.207906296,3.631852936,
24/06/2022 17:00,1.216040345,3.631852936,
24/06/2022 18:00,1.207906296,3.652188059,
24/06/2022 19:00,1.232308443,3.631852936,
24/06/2022 20:00,1.199772247,3.648121035,
24/06/2022 21:00,1.165202538,3.627785912,
24/06/2022 22:00,1.232308443,3.666422645,
25/06/2022 0:00,1.207906296,3.660322108,
25/06/2022 1:00,1.195705222,3.660322108,
25/06/2022 2:00,1.187571173,3.648121035,
25/06/2022 3:00,1.171303075,,
25/06/2022 4:00,1.207906296,,
25/06/2022 5:00,1.191638197,3.696925329,
25/06/2022 6:00,1.195705222,3.668456157,
25/06/2022 7:00,1.199772247,3.680657231,
25/06/2022 8:00,1.228241419,3.713193428,
25/06/2022 9:00,1.220107369,3.753863673,
25/06/2022 10:00,1.21197332,3.737595575,
25/06/2022 11:00,1.23840898,3.660322108,
25/06/2022 12:00,1.244509517,3.678623719,
25/06/2022 13:00,1.226207906,3.696925329,
25/06/2022 14:00,1.23840898,3.727428014,
25/06/2022 15:00,1.214006833,3.733528551,
25/06/2022 16:00,1.226207906,3.745729624,
25/06/2022 17:00,1.189604685,3.745729624,
25/06/2022 18:00,1.195705222,3.757930698,
25/06/2022 19:00,1.189604685,3.764031235,
25/06/2022 20:00,1.256710591,3.739629087,
25/06/2022 21:00,1.224174394,3.733528551,
25/06/2022 22:00,1.232308443,3.757930698,
26/06/2022 0:00,1.165202538,3.733528551,
26/06/2022 1:00,1.207906296,3.709126403,
26/06/2022 2:00,1.244509517,3.800634456,
26/06/2022 3:00,1.183504148,3.802667968,
26/06/2022 4:00,1.228241419,3.814869042,
26/06/2022 5:00,1.21197332,3.806734993,
26/06/2022 6:00,1.203839271,3.818936066,
26/06/2022 7:00,1.183504148,3.806734993,
26/06/2022 8:00,1.21197332,3.794533919,
26/06/2022 9:00,1.207906296,3.83113714,
26/06/2022 10:00,1.216040345,3.794533919,
26/06/2022 11:00,1.236375468,3.798600944,
26/06/2022 12:00,1.195705222,3.794533919,
26/06/2022 13:00,1.195705222,3.879941435,
26/06/2022 14:00,1.232308443,3.818936066,
26/06/2022 15:00,1.232308443,3.806734993,
26/06/2022 16:00,1.236375468,3.794533919,
26/06/2022 17:00,1.214006833,3.83113714,
26/06/2022 18:00,1.189604685,3.855539287,
26/06/2022 19:00,1.195705222,3.855539287,
26/06/2022 20:00,1.21197332,3.843338214,
26/06/2022 21:00,1.195705222,3.843338214,
26/06/2022 22:00,1.207906296,3.863673337,
27/06/2022 0:00,1.252643566,3.855539287,
27/06/2022 1:00,1.224174394,3.847405238,
27/06/2022 2:00,1.240442492,3.863673337,
27/06/2022 3:00,1.260777615,3.83113714,
27/06/2022 4:00,1.183504148,3.83113714,
27/06/2022 5:00,1.236375468,3.867740361,
27/06/2022 6:00,1.214006833,3.825036603,
27/06/2022 7:00,1.201805759,3.861639824,
27/06/2022 8:00,1.195705222,3.861639824,
27/06/2022 9:00,1.171303075,3.825036603,
27/06/2022 10:00,1.224174394,3.855539287,
27/06/2022 11:00,1.240442492,3.879941435,
27/06/2022 12:00,1.228241419,3.892142509,
27/06/2022 13:00,1.248576541,3.94704734,
27/06/2022 14:00,1.220107369,3.867740361,
27/06/2022 15:00,1.216040345,3.879941435,
27/06/2022 16:00,1.207906296,3.910444119,
27/06/2022 17:00,1.177403612,3.871807386,
27/06/2022 18:00,1.224174394,3.843338214,
27/06/2022 19:00,1.248576541,3.934846266,
27/06/2022 20:00,1.179437124,3.879941435,
27/06/2022 21:00,1.224174394,3.898243045,
27/06/2022 22:00,1.248576541,3.879941435,
28/06/2022 0:00,1.252643566,3.904343582,
28/06/2022 1:00,1.187571173,3.916544656,
28/06/2022 2:00,1.248576541,3.879941435,
28/06/2022 3:00,1.236375468,3.879941435,
28/06/2022 4:00,1.207906296,3.855539287,
28/06/2022 5:00,1.195705222,3.971449488,
28/06/2022 6:00,1.177403612,3.983650561,
28/06/2022 7:00,1.189604685,3.977550024,
28/06/2022 8:00,1.207906296,4.008052709,
28/06/2022 9:00,1.240442492,3.879941435,
28/06/2022 10:00,1.232308443,3.94704734,
28/06/2022 11:00,1.203839271,3.977550024,
28/06/2022 12:00,1.214006833,3.916544656,
28/06/2022 13:00,1.201805759,3.953147877,
28/06/2022 14:00,1.240442492,3.983650561,
28/06/2022 15:00,1.232308443,3.932812754,
28/06/2022 16:00,1.171303075,3.953147877,
28/06/2022 17:00,1.232308443,3.936879779,
28/06/2022 18:00,1.244509517,3.981617049,
28/06/2022 19:00,1.252643566,3.957214902,
28/06/2022 20:00,1.240442492,3.936879779,
28/06/2022 21:00,1.236375468,3.965348951,
28/06/2022 22:00,1.240442492,3.912477631,
29/06/2022 0:00,1.244509517,3.973483,
29/06/2022 1:00,1.260777615,3.959248414,
29/06/2022 2:00,1.199772247,4.020253782,
29/06/2022 3:00,1.236375468,3.977550024,
29/06/2022 4:00,1.203839271,3.965348951,
29/06/2022 5:00,1.228241419,4.184968277,
29/06/2022 6:00,1.224174394,,
29/06/2022 7:00,1.317715959,,
29/06/2022 8:00,1.293313812,3.953147877,
29/06/2022 9:00,1.226207906,3.977550024,
29/06/2022 10:00,1.23840898,3.940946803,
29/06/2022 11:00,1.189604685,3.953147877,
29/06/2022 12:00,1.207906296,3.965348951,
29/06/2022 13:00,1.226207906,3.910444119,
29/06/2022 14:00,1.244509517,3.971449488,
29/06/2022 15:00,1.23840898,3.916544656,
29/06/2022 16:00,1.159102001,3.977550024,
29/06/2022 17:00,1.177403612,4.050756467,
29/06/2022 18:00,1.201805759,3.92874573,
29/06/2022 19:00,1.195705222,4.001952172,
29/06/2022 20:00,0.927281601,,
29/06/2022 21:00,1.110297706,,
29/06/2022 22:00,1.301447861,3.989751098,
30/06/2022 0:00,1.317715959,4.087359688,
30/06/2022 1:00,1.195705222,,
30/06/2022 4:00,1.305514885,4.014153245,
30/06/2022 5:00,1.214006833,3.953147877,
30/06/2022 6:00,1.244509517,3.989751098,
30/06/2022 7:00,1.244509517,4.221571498,
30/06/2022 8:00,1.21197332,3.965348951,
30/06/2022 9:00,1.216040345,4.075158614,
30/06/2022 10:00,1.203839271,3.953147877,
30/06/2022 11:00,1.240442492,4.056857003,
30/06/2022 12:00,1.244509517,4.227672035,
30/06/2022 13:00,1.244509517,4.105661298,
30/06/2022 14:00,1.281112738,4.050756467,
30/06/2022 15:00,1.189604685,4.075158614,
30/06/2022 16:00,1.232308443,4.27647633,
30/06/2022 17:00,1.659346022,4.142264519,
30/06/2022 18:00,1.191638197,4.099560761,
30/06/2022 19:00,1.21197332,4.404587604,
30/06/2022 20:00,1.228241419,4.123962909,
30/06/2022 21:00,1.244509517,4.06295754,
30/06/2022 22:00,1.268911664,4.239873109,
1/07/2022 0:00,1.248576541,4.119895884,
1/07/2022 1:00,1.287213275,4.136163982,
1/07/2022 2:00,1.23840898,4.099560761,
1/07/2022 3:00,1.240442492,3.940946803,
1/07/2022 4:00,1.177403612,,
1/07/2022 5:00,1.244509517,4.282576867,
1/07/2022 6:00,1.275012201,4.29477794,
1/07/2022 7:00,1.281112738,4.136163982,
1/07/2022 8:00,1.244509517,4.270375793,
1/07/2022 9:00,1.232308443,4.148365056,
1/07/2022 10:00,1.232308443,4.148365056,
1/07/2022 11:00,1.226207906,4.130063446,
1/07/2022 12:00,1.207906296,4.087359688,
1/07/2022 13:00,1.23840898,4.130063446,
1/07/2022 14:00,1.305514885,4.075158614,
1/07/2022 15:00,,4.075158614,
1/07/2022 16:00,1.244509517,4.233772572,
1/07/2022 17:00,1.220107369,4.306979014,
1/07/2022 18:00,1.23840898,4.264275256,
1/07/2022 19:00,1.195705222,4.367984383,
1/07/2022 20:00,1.252643566,4.355783309,
1/07/2022 21:00,1.23840898,4.239873109,
1/07/2022 22:00,1.183504148,4.142264519,
2/07/2022 0:00,1.220107369,4.282576867,
2/07/2022 1:00,1.260777615,4.372051407,
2/07/2022 2:00,1.220107369,4.264275256,
2/07/2022 3:00,1.216040345,4.29477794,
2/07/2022 4:00,1.203839271,4.172767204,
2/07/2022 5:00,1.165202538,,
2/07/2022 6:00,1.216040345,4.367984383,
2/07/2022 7:00,1.281112738,4.319180088,
2/07/2022 8:00,1.293313812,4.404587604,
2/07/2022 9:00,1.244509517,4.544899951,
2/07/2022 10:00,1.23840898,4.471693509,
2/07/2022 11:00,1.195705222,4.587603709,
2/07/2022 12:00,1.244509517,4.587603709,
2/07/2022 13:00,1.23840898,4.612005857,
2/07/2022 14:00,1.262811127,4.29477794,
2/07/2022 15:00,1.183504148,4.398487067,
2/07/2022 16:00,1.23840898,4.551000488,
2/07/2022 17:00,1.207906296,4.514397267,
2/07/2022 18:00,1.189604685,4.483894583,
2/07/2022 19:00,1.207906296,4.404587604,
2/07/2022 20:00,1.293313812,4.465592972,
2/07/2022 21:00,1.305514885,4.502196193,
2/07/2022 22:00,1.256710591,,
3/07/2022 0:00,1.262811127,4.380185456,
3/07/2022 1:00,1.262811127,4.575402635,
3/07/2022 2:00,1.26484464,4.465592972,
3/07/2022 3:00,1.244509517,4.471693509,
3/07/2022 4:00,1.195705222,4.526598341,
3/07/2022 5:00,1.240442492,4.306979014,
3/07/2022 6:00,1.203839271,4.477794046,
3/07/2022 7:00,1.232308443,4.526598341,
3/07/2022 8:00,1.21197332,4.300878477,
3/07/2022 9:00,1.250610054,4.215470961,
3/07/2022 10:00,1.110297706,4.62420693,
3/07/2022 11:00,1.189604685,4.526598341,
3/07/2022 12:00,1.250610054,4.587603709,
3/07/2022 13:00,1.195705222,4.563201562,
3/07/2022 14:00,1.195705222,4.477794046,
3/07/2022 15:00,1.201805759,4.544899951,
3/07/2022 16:00,1.293313812,4.599804783,
3/07/2022 17:00,1.329917033,4.380185456,
3/07/2022 18:00,1.201805759,,
3/07/2022 19:00,1.171303075,,
3/07/2022 20:00,1.110297706,,
3/07/2022 21:00,1.244509517,,
3/07/2022 22:00,1.228241419,,
4/07/2022 0:00,1.228241419,4.575402635,
4/07/2022 1:00,1.220107369,4.770619815,
4/07/2022 2:00,1.224174394,4.581503172,
4/07/2022 3:00,1.333984057,4.599804783,
4/07/2022 4:00,1.228241419,4.557101025,
4/07/2022 5:00,1.199772247,4.538799414,
4/07/2022 6:00,1.220107369,4.477794046,
4/07/2022 7:00,1.232308443,4.258174719,
4/07/2022 8:00,1.244509517,4.648609078,
4/07/2022 9:00,1.272978689,4.441190825,
4/07/2022 10:00,1.21197332,4.599804783,
4/07/2022 11:00,1.214006833,4.563201562,
4/07/2022 12:00,1.195705222,4.612005857,
4/07/2022 13:00,1.207906296,4.709614446,
4/07/2022 14:00,1.110297706,4.697413372,
4/07/2022 15:00,1.220107369,4.819424109,
4/07/2022 16:00,1.220107369,,
4/07/2022 17:00,1.244509517,,
4/07/2022 18:00,1.12249878,,
5/07/2022 4:00,1.244509517,,
5/07/2022 5:00,1.216040345,,
5/07/2022 6:00,1.268911664,4.709614446,
5/07/2022 7:00,1.26484464,4.734016593,
5/07/2022 8:00,1.240442492,4.630307467,
5/07/2022 9:00,1.252643566,4.74011713,
5/07/2022 10:00,1.26484464,4.715714983,
5/07/2022 11:00,1.256710591,4.691312836,
5/07/2022 12:00,1.189604685,4.544899951,
5/07/2022 13:00,1.256710591,4.557101025,
5/07/2022 14:00,1.214006833,,
5/07/2022 15:00,1.177403612,,
5/07/2022 16:00,1.293313812,,
5/07/2022 18:00,1.12249878,,
5/07/2022 19:00,1.226207906,,
5/07/2022 20:00,1.297380836,,
5/07/2022 21:00,1.226207906,,
5/07/2022 22:00,1.073694485,,
6/07/2022 0:00,1.293313812,,
6/07/2022 1:00,1.293313812,4.868228404,
6/07/2022 2:00,1.293313812,5.124450952,
6/07/2022 3:00,1.232308443,4.904831625,
6/07/2022 4:00,1.427525622,,
6/07/2022 5:00,1.305514885,,
6/07/2022 6:00,1.329917033,,
6/07/2022 7:00,1.342118106,,
6/07/2022 8:00,1.281112738,,
6/07/2022 9:00,1.268911664,,
6/07/2022 10:00,1.317715959,,
6/07/2022 11:00,1.293313812,,
6/07/2022 12:00,1.342118106,4.343582235,
6/07/2022 13:00,1.305514885,4.233772572,
6/07/2022 14:00,1.293313812,4.465592972,
6/07/2022 15:00,1.45192777,4.404587604,
6/07/2022 16:00,1.244509517,,
6/07/2022 17:00,1.110297706,,
6/07/2022 18:00,1.098096633,,
6/07/2022 19:00,1.248576541,5.002440215,
6/07/2022 20:00,1.224174394,4.654709614,
6/07/2022 21:00,1.228241419,4.685212299,
6/07/2022 22:00,1.268911664,4.642508541,
7/07/2022 0:00,1.177403612,,
7/07/2022 1:00,1.214006833,,
7/07/2022 2:00,1.275012201,,
7/07/2022 3:00,1.220107369,,
7/07/2022 4:00,1.183504148,,
7/07/2022 5:00,1.201805759,,
7/07/2022 6:00,1.240442492,,
7/07/2022 7:00,1.177403612,,
7/07/2022 8:00,1.201805759,,
7/07/2022 9:00,1.195705222,,
7/07/2022 10:00,1.189604685,,
7/07/2022 11:00,1.195705222,,
7/07/2022 12:00,1.189604685,,
7/07/2022 13:00,1.098096633,,
7/07/2022 14:00,1.195705222,,
7/07/2022 15:00,1.244509517,4.29477794,
7/07/2022 16:00,1.285179762,4.306979014,
7/07/2022 17:00,1.293313812,4.29477794,
7/07/2022 18:00,1.281112738,,
7/07/2022 19:00,1.203839271,,
7/07/2022 20:00,1.244509517,,
7/07/2022 21:00,1.195705222,,
7/07/2022 22:00,1.085895559,,
8/07/2022 0:00,1.287213275,,
8/07/2022 1:00,1.189604685,,
8/07/2022 2:00,1.21197332,,
8/07/2022 3:00,1.281112738,,
8/07/2022 4:00,1.216040345,,
8/07/2022 5:00,1.220107369,,
8/07/2022 6:00,1.252643566,,
8/07/2022 7:00,1.293313812,,
8/07/2022 8:00,1.252643566,,
8/07/2022 9:00,1.195705222,,
8/07/2022 10:00,1.232308443,,
8/07/2022 11:00,1.201805759,,
8/07/2022 12:00,1.299414348,,
8/07/2022 13:00,1.256710591,,
8/07/2022 14:00,1.262811127,,
8/07/2022 15:00,1.311615422,,
8/07/2022 16:00,1.281112738,,
8/07/2022 17:00,1.281112738,,
8/07/2022 21:00,1.342118106,,
8/07/2022 22:00,1.378721327,,
9/07/2022 0:00,1.305514885,,
9/07/2022 1:00,1.329917033,,
9/07/2022 2:00,1.244509517,,
9/07/2022 3:00,1.317715959,,
9/07/2022 4:00,1.317715959,,
9/07/2022 5:00,1.281112738,,
9/07/2022 6:00,1.293313812,,
9/07/2022 7:00,1.281112738,,
9/07/2022 8:00,1.189604685,,
9/07/2022 9:00,1.171303075,,
9/07/2022 10:00,1.226207906,,
9/07/2022 11:00,1.207906296,,
9/07/2022 12:00,1.189604685,,
9/07/2022 13:00,1.098096633,,
9/07/2022 14:00,1.232308443,,
9/07/2022 15:00,1.305514885,,
9/07/2022 16:00,1.323816496,,
9/07/2022 17:00,1.248576541,,
9/07/2022 18:00,1.240442492,,
9/07/2022 19:00,1.248576541,,
9/07/2022 20:00,1.260777615,,
9/07/2022 21:00,1.236375468,4.233772572,
9/07/2022 22:00,1.289246787,4.221571498,
10/07/2022 0:00,1.216040345,4.270375793,
